Vertical,Sub Vertical,Capability Name,Process,Process Description,Sub Process,Sub-Process Description,Data Entity,Data Element,Organization Units,Applications
Financial Services,Wealth Management,Client Onboarding,Prospecting,"The early-stage process that identifies, qualifies, and moves potential clients into the formal onboarding pipeline.",Lead Identification,Discover potential clients matching the ideal client profile through inbound signals,Customer master,Name,"Research Team, Advisory Teams,CRM teams","Internal CRM (existing customers, referrals),Core Banking System (CBS),Campaign data (marketing leads),Third-party databases (wealth lists, bureaus,Experian ,Equifax ,TransUnion ,Wealth-X,Altrata ,Knight Frank),Public data (LinkedIn, company filings)"
Financial Services,Wealth Management,Client Onboarding,Prospecting,"The early-stage process that identifies, qualifies, and moves potential clients into the formal onboarding pipeline.",Lead Identification,Discover potential clients matching the ideal client profile through inbound signals,Customer master,Age,"Research Team, Advisory Teams,CRM teams","Internal CRM (existing customers, referrals),Core Banking System (CBS),Campaign data (marketing leads),Third-party databases (wealth lists, bureaus,Experian ,Equifax ,TransUnion ,Wealth-X,Altrata ,Knight Frank),Public data (LinkedIn, company filings)"
Financial Services,Wealth Management,Client Onboarding,Prospecting,"The early-stage process that identifies, qualifies, and moves potential clients into the formal onboarding pipeline.",Lead Identification,Discover potential clients matching the ideal client profile through inbound signals,Financial profile,Income,"Research Team, Advisory Teams,CRM teams","Internal CRM (existing customers, referrals),Core Banking System (CBS),Campaign data (marketing leads),Third-party databases (wealth lists, bureaus,Experian ,Equifax ,TransUnion ,Wealth-X,Altrata ,Knight Frank),Public data (LinkedIn, company filings)"
Financial Services,Wealth Management,Client Onboarding,Prospecting,"The early-stage process that identifies, qualifies, and moves potential clients into the formal onboarding pipeline.",Lead Identification,Discover potential clients matching the ideal client profile through inbound signals,Financial profile,Investable assets,"Research Team, Advisory Teams,CRM teams","Internal CRM (existing customers, referrals),Core Banking System (CBS),Campaign data (marketing leads),Third-party databases (wealth lists, bureaus,Experian ,Equifax ,TransUnion ,Wealth-X,Altrata ,Knight Frank),Public data (LinkedIn, company filings)"
Financial Services,Wealth Management,Client Onboarding,Prospecting,"The early-stage process that identifies, qualifies, and moves potential clients into the formal onboarding pipeline.",Lead Identification,Discover potential clients matching the ideal client profile through inbound signals,Financial profile,Net Worth,"Research Team, Advisory Teams,CRM teams","Internal CRM (existing customers, referrals),Core Banking System (CBS),Campaign data (marketing leads),Third-party databases (wealth lists, bureaus,Experian ,Equifax ,TransUnion ,Wealth-X,Altrata ,Knight Frank),Public data (LinkedIn, company filings)"
Financial Services,Wealth Management,Client Onboarding,Prospecting,"The early-stage process that identifies, qualifies, and moves potential clients into the formal onboarding pipeline.",Lead Identification,Discover potential clients matching the ideal client profile through inbound signals,Financial profile,Monthly Surplus,"Research Team, Advisory Teams,CRM teams","Internal CRM (existing customers, referrals),Core Banking System (CBS),Campaign data (marketing leads),Third-party databases (wealth lists, bureaus,Experian ,Equifax ,TransUnion ,Wealth-X,Altrata ,Knight Frank),Public data (LinkedIn, company filings)"
Financial Services,Wealth Management,Client Onboarding,Prospecting,"The early-stage process that identifies, qualifies, and moves potential clients into the formal onboarding pipeline.",Lead Identification,Discover potential clients matching the ideal client profile through inbound signals,Financial profile,Idle Cash Balance,"Research Team, Advisory Teams,CRM teams","Internal CRM (existing customers, referrals),Core Banking System (CBS),Campaign data (marketing leads),Third-party databases (wealth lists, bureaus,Experian ,Equifax ,TransUnion ,Wealth-X,Altrata ,Knight Frank),Public data (LinkedIn, company filings)"
Financial Services,Wealth Management,Client Onboarding,Prospecting,"The early-stage process that identifies, qualifies, and moves potential clients into the formal onboarding pipeline.",Lead Identification,Discover potential clients matching the ideal client profile through inbound signals,Financial profile,Credit Profile,"Research Team, Advisory Teams,CRM teams","Internal CRM (existing customers, referrals),Core Banking System (CBS),Campaign data (marketing leads),Third-party databases (wealth lists, bureaus,Experian ,Equifax ,TransUnion ,Wealth-X,Altrata ,Knight Frank),Public data (LinkedIn, company filings)"
Financial Services,Wealth Management,Client Onboarding,Prospecting,"The early-stage process that identifies, qualifies, and moves potential clients into the formal onboarding pipeline.",Lead Identification,Discover potential clients matching the ideal client profile through inbound signals,Financial profile,Risk Appetite,"Research Team, Advisory Teams,CRM teams","Internal CRM (existing customers, referrals),Core Banking System (CBS),Campaign data (marketing leads),Third-party databases (wealth lists, bureaus,Experian ,Equifax ,TransUnion ,Wealth-X,Altrata ,Knight Frank),Public data (LinkedIn, company filings)"
Financial Services,Wealth Management,Client Onboarding,Prospecting,"The early-stage process that identifies, qualifies, and moves potential clients into the formal onboarding pipeline.",Lead Identification,Discover potential clients matching the ideal client profile through inbound signals,Financial profile,Avg Monthly Bank Balance,"Research Team, Advisory Teams,CRM teams","Internal CRM (existing customers, referrals),Core Banking System (CBS),Campaign data (marketing leads),Third-party databases (wealth lists, bureaus,Experian ,Equifax ,TransUnion ,Wealth-X,Altrata ,Knight Frank),Public data (LinkedIn, company filings)"
Financial Services,Wealth Management,Client Onboarding,Prospecting,"The early-stage process that identifies, qualifies, and moves potential clients into the formal onboarding pipeline.",Lead Identification,Discover potential clients matching the ideal client profile through inbound signals,Investment profile,Existing Investment Exposure,"Research Team, Advisory Teams,CRM teams","Internal CRM (existing customers, referrals),Core Banking System (CBS),Campaign data (marketing leads),Third-party databases (wealth lists, bureaus,Experian ,Equifax ,TransUnion ,Wealth-X,Altrata ,Knight Frank),Public data (LinkedIn, company filings)"
Financial Services,Wealth Management,Client Onboarding,Prospecting,"The early-stage process that identifies, qualifies, and moves potential clients into the formal onboarding pipeline.",Lead Identification,Discover potential clients matching the ideal client profile through inbound signals,Investment profile,Investment Activity,"Research Team, Advisory Teams,CRM teams","Internal CRM (existing customers, referrals),Core Banking System (CBS),Campaign data (marketing leads),Third-party databases (wealth lists, bureaus,Experian ,Equifax ,TransUnion ,Wealth-X,Altrata ,Knight Frank),Public data (LinkedIn, company filings)"
Financial Services,Wealth Management,Client Onboarding,Prospecting,"The early-stage process that identifies, qualifies, and moves potential clients into the formal onboarding pipeline.",Lead Identification,Discover potential clients matching the ideal client profile through inbound signals,Investment profile,Financial Goals,"Research Team, Advisory Teams,CRM teams","Internal CRM (existing customers, referrals),Core Banking System (CBS),Campaign data (marketing leads),Third-party databases (wealth lists, bureaus,Experian ,Equifax ,TransUnion ,Wealth-X,Altrata ,Knight Frank),Public data (LinkedIn, company filings)"
Financial Services,Wealth Management,Client Onboarding,Prospecting,"The early-stage process that identifies, qualifies, and moves potential clients into the formal onboarding pipeline.",Lead Identification,Discover potential clients matching the ideal client profile through inbound signals,Investment profile,Life-Stage Triggers,"Research Team, Advisory Teams,CRM teams","Internal CRM (existing customers, referrals),Core Banking System (CBS),Campaign data (marketing leads),Third-party databases (wealth lists, bureaus,Experian ,Equifax ,TransUnion ,Wealth-X,Altrata ,Knight Frank),Public data (LinkedIn, company filings)"
Financial Services,Wealth Management,Client Onboarding,Prospecting,"The early-stage process that identifies, qualifies, and moves potential clients into the formal onboarding pipeline.",Lead Identification,Discover potential clients matching the ideal client profile through inbound signals,Banking behavior,Income Stability,"Research Team, Advisory Teams,CRM teams","Internal CRM (existing customers, referrals),Core Banking System (CBS),Campaign data (marketing leads),Third-party databases (wealth lists, bureaus,Experian ,Equifax ,TransUnion ,Wealth-X,Altrata ,Knight Frank),Public data (LinkedIn, company filings)"
Financial Services,Wealth Management,Client Onboarding,Prospecting,"The early-stage process that identifies, qualifies, and moves potential clients into the formal onboarding pipeline.",Lead Identification,Discover potential clients matching the ideal client profile through inbound signals,Banking behavior,Banking Behaviour,"Research Team, Advisory Teams,CRM teams","Internal CRM (existing customers, referrals),Core Banking System (CBS),Campaign data (marketing leads),Third-party databases (wealth lists, bureaus,Experian ,Equifax ,TransUnion ,Wealth-X,Altrata ,Knight Frank),Public data (LinkedIn, company filings)"
Financial Services,Wealth Management,Client Onboarding,Prospecting,"The early-stage process that identifies, qualifies, and moves potential clients into the formal onboarding pipeline.",Lead Identification,Discover potential clients matching the ideal client profile through inbound signals,Banking behavior,Digital Engagement,"Research Team, Advisory Teams,CRM teams","Internal CRM (existing customers, referrals),Core Banking System (CBS),Campaign data (marketing leads),Third-party databases (wealth lists, bureaus,Experian ,Equifax ,TransUnion ,Wealth-X,Altrata ,Knight Frank),Public data (LinkedIn, company filings)"
Financial Services,Wealth Management,Client Onboarding,Prospecting,"The early-stage process that identifies, qualifies, and moves potential clients into the formal onboarding pipeline.",Lead Identification,Discover potential clients matching the ideal client profile through inbound signals,Banking behavior,Cross-Sell Potential,"Research Team, Advisory Teams,CRM teams","Internal CRM (existing customers, referrals),Core Banking System (CBS),Campaign data (marketing leads),Third-party databases (wealth lists, bureaus,Experian ,Equifax ,TransUnion ,Wealth-X,Altrata ,Knight Frank),Public data (LinkedIn, company filings)"
Financial Services,Wealth Management,Client Onboarding,Prospecting,"The early-stage process that identifies, qualifies, and moves potential clients into the formal onboarding pipeline.",Lead Classification,Categorize leads by fit and readiness using predefined criteria,Segments,Income,"Research Team, Advisory Teams,CRM teams","Internal CRM (existing customers, referrals),Core Banking System (CBS),Campaign data (marketing leads),Third-party databases (wealth lists, bureaus,Experian ,Equifax ,TransUnion ,Wealth-X,Altrata ,Knight Frank),Public data (LinkedIn, company filings)"
Financial Services,Wealth Management,Client Onboarding,Prospecting,"The early-stage process that identifies, qualifies, and moves potential clients into the formal onboarding pipeline.",Lead Classification,Categorize leads by fit and readiness using predefined criteria,Segments,Investable assets,"Research Team, Advisory Teams,CRM teams","Internal CRM (existing customers, referrals),Core Banking System (CBS),Campaign data (marketing leads),Third-party databases (wealth lists, bureaus,Experian ,Equifax ,TransUnion ,Wealth-X,Altrata ,Knight Frank),Public data (LinkedIn, company filings)"
Financial Services,Wealth Management,Client Onboarding,Prospecting,"The early-stage process that identifies, qualifies, and moves potential clients into the formal onboarding pipeline.",Lead Classification,Categorize leads by fit and readiness using predefined criteria,Segments,Net worth,"Research Team, Advisory Teams,CRM teams","Internal CRM (existing customers, referrals),Core Banking System (CBS),Campaign data (marketing leads),Third-party databases (wealth lists, bureaus,Experian ,Equifax ,TransUnion ,Wealth-X,Altrata ,Knight Frank),Public data (LinkedIn, company filings)"
Financial Services,Wealth Management,Client Onboarding,Prospecting,"The early-stage process that identifies, qualifies, and moves potential clients into the formal onboarding pipeline.",Data Collection,"Gather essential firmographics, contacts, pain points, and preliminary compliance details to enable qualification.",Financial snapshot,Income,"Research Team, Advisory Teams,CRM teams","Internal CRM (existing customers, referrals),Core Banking System (CBS),Campaign data (marketing leads),Third-party databases (wealth lists, bureaus,Experian ,Equifax ,TransUnion ,Wealth-X,Altrata ,Knight Frank),Public data (LinkedIn, company filings)"
Financial Services,Wealth Management,Client Onboarding,Prospecting,"The early-stage process that identifies, qualifies, and moves potential clients into the formal onboarding pipeline.",Data Collection,"Gather essential firmographics, contacts, pain points, and preliminary compliance details to enable qualification.",Financial snapshot,Assets,"Research Team, Advisory Teams,CRM teams","Internal CRM (existing customers, referrals),Core Banking System (CBS),Campaign data (marketing leads),Third-party databases (wealth lists, bureaus,Experian ,Equifax ,TransUnion ,Wealth-X,Altrata ,Knight Frank),Public data (LinkedIn, company filings)"
Financial Services,Wealth Management,Client Onboarding,Prospecting,"The early-stage process that identifies, qualifies, and moves potential clients into the formal onboarding pipeline.",Data Collection,"Gather essential firmographics, contacts, pain points, and preliminary compliance details to enable qualification.",Financial snapshot,Liabilities,"Research Team, Advisory Teams,CRM teams","Internal CRM (existing customers, referrals),Core Banking System (CBS),Campaign data (marketing leads),Third-party databases (wealth lists, bureaus,Experian ,Equifax ,TransUnion ,Wealth-X,Altrata ,Knight Frank),Public data (LinkedIn, company filings)"
Financial Services,Wealth Management,Client Onboarding,Prospecting,"The early-stage process that identifies, qualifies, and moves potential clients into the formal onboarding pipeline.",Data Collection,"Gather essential firmographics, contacts, pain points, and preliminary compliance details to enable qualification.",Investment position,% invested,"Research Team, Advisory Teams,CRM teams","Internal CRM (existing customers, referrals),Core Banking System (CBS),Campaign data (marketing leads),Third-party databases (wealth lists, bureaus,Experian ,Equifax ,TransUnion ,Wealth-X,Altrata ,Knight Frank),Public data (LinkedIn, company filings)"
Financial Services,Wealth Management,Client Onboarding,Prospecting,"The early-stage process that identifies, qualifies, and moves potential clients into the formal onboarding pipeline.",Data Collection,"Gather essential firmographics, contacts, pain points, and preliminary compliance details to enable qualification.",Investment position,Idle Cash ,"Research Team, Advisory Teams,CRM teams","Internal CRM (existing customers, referrals),Core Banking System (CBS),Campaign data (marketing leads),Third-party databases (wealth lists, bureaus,Experian ,Equifax ,TransUnion ,Wealth-X,Altrata ,Knight Frank),Public data (LinkedIn, company filings)"
Financial Services,Wealth Management,Client Onboarding,Prospecting,"The early-stage process that identifies, qualifies, and moves potential clients into the formal onboarding pipeline.",Data Collection,"Gather essential firmographics, contacts, pain points, and preliminary compliance details to enable qualification.",Behavioural insights ,Risk Appetite,"Research Team, Advisory Teams,CRM teams","Internal CRM (existing customers, referrals),Core Banking System (CBS),Campaign data (marketing leads),Third-party databases (wealth lists, bureaus,Experian ,Equifax ,TransUnion ,Wealth-X,Altrata ,Knight Frank),Public data (LinkedIn, company filings)"
Financial Services,Wealth Management,Client Onboarding,Prospecting,"The early-stage process that identifies, qualifies, and moves potential clients into the formal onboarding pipeline.",Data Collection,"Gather essential firmographics, contacts, pain points, and preliminary compliance details to enable qualification.",Behavioural insights ,Transactions,"Research Team, Advisory Teams,CRM teams","Internal CRM (existing customers, referrals),Core Banking System (CBS),Campaign data (marketing leads),Third-party databases (wealth lists, bureaus,Experian ,Equifax ,TransUnion ,Wealth-X,Altrata ,Knight Frank),Public data (LinkedIn, company filings)"
Financial Services,Wealth Management,Client Onboarding,Prospecting,"The early-stage process that identifies, qualifies, and moves potential clients into the formal onboarding pipeline.",Analysing the Prospect,"Assess needs, value potential, and risks to determine suitability and recommended next action.",Wealth strength,Net Worth ,"Research Team, Advisory Teams,CRM teams","Internal CRM (existing customers, referrals),Core Banking System (CBS),Campaign data (marketing leads),Third-party databases (wealth lists, bureaus,Experian ,Equifax ,TransUnion ,Wealth-X,Altrata ,Knight Frank),Public data (LinkedIn, company filings)"
Financial Services,Wealth Management,Client Onboarding,Prospecting,"The early-stage process that identifies, qualifies, and moves potential clients into the formal onboarding pipeline.",Analysing the Prospect,"Assess needs, value potential, and risks to determine suitability and recommended next action.",Wealth strength,Investable Assets ,"Research Team, Advisory Teams,CRM teams","Internal CRM (existing customers, referrals),Core Banking System (CBS),Campaign data (marketing leads),Third-party databases (wealth lists, bureaus,Experian ,Equifax ,TransUnion ,Wealth-X,Altrata ,Knight Frank),Public data (LinkedIn, company filings)"
Financial Services,Wealth Management,Client Onboarding,Prospecting,"The early-stage process that identifies, qualifies, and moves potential clients into the formal onboarding pipeline.",Analysing the Prospect,"Assess needs, value potential, and risks to determine suitability and recommended next action.",Wealth strength,Income stability ,"Research Team, Advisory Teams,CRM teams","Internal CRM (existing customers, referrals),Core Banking System (CBS),Campaign data (marketing leads),Third-party databases (wealth lists, bureaus,Experian ,Equifax ,TransUnion ,Wealth-X,Altrata ,Knight Frank),Public data (LinkedIn, company filings)"
Financial Services,Wealth Management,Client Onboarding,Prospecting,"The early-stage process that identifies, qualifies, and moves potential clients into the formal onboarding pipeline.",Analysing the Prospect,"Assess needs, value potential, and risks to determine suitability and recommended next action.",Liquidity potential,Idle cash ,"Research Team, Advisory Teams,CRM teams","Internal CRM (existing customers, referrals),Core Banking System (CBS),Campaign data (marketing leads),Third-party databases (wealth lists, bureaus,Experian ,Equifax ,TransUnion ,Wealth-X,Altrata ,Knight Frank),Public data (LinkedIn, company filings)"
Financial Services,Wealth Management,Client Onboarding,Prospecting,"The early-stage process that identifies, qualifies, and moves potential clients into the formal onboarding pipeline.",Analysing the Prospect,"Assess needs, value potential, and risks to determine suitability and recommended next action.",Liquidity potential,Monthly surplus ,"Research Team, Advisory Teams,CRM teams","Internal CRM (existing customers, referrals),Core Banking System (CBS),Campaign data (marketing leads),Third-party databases (wealth lists, bureaus,Experian ,Equifax ,TransUnion ,Wealth-X,Altrata ,Knight Frank),Public data (LinkedIn, company filings)"
Financial Services,Wealth Management,Client Onboarding,Prospecting,"The early-stage process that identifies, qualifies, and moves potential clients into the formal onboarding pipeline.",Analysing the Prospect,"Assess needs, value potential, and risks to determine suitability and recommended next action.",Liquidity potential,Bank balances ,"Research Team, Advisory Teams,CRM teams","Internal CRM (existing customers, referrals),Core Banking System (CBS),Campaign data (marketing leads),Third-party databases (wealth lists, bureaus,Experian ,Equifax ,TransUnion ,Wealth-X,Altrata ,Knight Frank),Public data (LinkedIn, company filings)"
Financial Services,Wealth Management,Client Onboarding,Prospecting,"The early-stage process that identifies, qualifies, and moves potential clients into the formal onboarding pipeline.",Analysing the Prospect,"Assess needs, value potential, and risks to determine suitability and recommended next action.",Investment readiness,% invested,"Research Team, Advisory Teams,CRM teams","Internal CRM (existing customers, referrals),Core Banking System (CBS),Campaign data (marketing leads),Third-party databases (wealth lists, bureaus,Experian ,Equifax ,TransUnion ,Wealth-X,Altrata ,Knight Frank),Public data (LinkedIn, company filings)"
Financial Services,Wealth Management,Client Onboarding,Prospecting,"The early-stage process that identifies, qualifies, and moves potential clients into the formal onboarding pipeline.",Analysing the Prospect,"Assess needs, value potential, and risks to determine suitability and recommended next action.",Investment readiness,Transaction activity,"Research Team, Advisory Teams,CRM teams","Internal CRM (existing customers, referrals),Core Banking System (CBS),Campaign data (marketing leads),Third-party databases (wealth lists, bureaus,Experian ,Equifax ,TransUnion ,Wealth-X,Altrata ,Knight Frank),Public data (LinkedIn, company filings)"
Financial Services,Wealth Management,Client Onboarding,Prospecting,"The early-stage process that identifies, qualifies, and moves potential clients into the formal onboarding pipeline.",Analysing the Prospect,"Assess needs, value potential, and risks to determine suitability and recommended next action.",Intent & Life triggers,Goals,"Research Team, Advisory Teams,CRM teams","Internal CRM (existing customers, referrals),Core Banking System (CBS),Campaign data (marketing leads),Third-party databases (wealth lists, bureaus,Experian ,Equifax ,TransUnion ,Wealth-X,Altrata ,Knight Frank),Public data (LinkedIn, company filings)"
Financial Services,Wealth Management,Client Onboarding,Prospecting,"The early-stage process that identifies, qualifies, and moves potential clients into the formal onboarding pipeline.",Analysing the Prospect,"Assess needs, value potential, and risks to determine suitability and recommended next action.",Intent & Life triggers,upcoming events,"Research Team, Advisory Teams,CRM teams","Internal CRM (existing customers, referrals),Core Banking System (CBS),Campaign data (marketing leads),Third-party databases (wealth lists, bureaus,Experian ,Equifax ,TransUnion ,Wealth-X,Altrata ,Knight Frank),Public data (LinkedIn, company filings)"
Financial Services,Wealth Management,Client Onboarding,Prospecting,"The early-stage process that identifies, qualifies, and moves potential clients into the formal onboarding pipeline.",Analysing the Prospect,"Assess needs, value potential, and risks to determine suitability and recommended next action.",Advisory opportunity,engagement level,"Research Team, Advisory Teams,CRM teams","Internal CRM (existing customers, referrals),Core Banking System (CBS),Campaign data (marketing leads),Third-party databases (wealth lists, bureaus,Experian ,Equifax ,TransUnion ,Wealth-X,Altrata ,Knight Frank),Public data (LinkedIn, company filings)"
Financial Services,Wealth Management,Client Onboarding,Prospecting,"The early-stage process that identifies, qualifies, and moves potential clients into the formal onboarding pipeline.",Analysing the Prospect,"Assess needs, value potential, and risks to determine suitability and recommended next action.",Advisory opportunity,Cross-Sell Potential,"Research Team, Advisory Teams,CRM teams","Internal CRM (existing customers, referrals),Core Banking System (CBS),Campaign data (marketing leads),Third-party databases (wealth lists, bureaus,Experian ,Equifax ,TransUnion ,Wealth-X,Altrata ,Knight Frank),Public data (LinkedIn, company filings)"
Financial Services,Wealth Management,Client Onboarding,Prospecting,"The early-stage process that identifies, qualifies, and moves potential clients into the formal onboarding pipeline.",Prospect allocation to advisor,"Assign qualified prospects to the best-suited advisor based on expertise, capacity, and territory.",Advisor profile,Advisor expertise,"Research Team, Advisory Teams,CRM teams","Internal CRM (existing customers, referrals),Core Banking System (CBS),Campaign data (marketing leads),Third-party databases (wealth lists, bureaus,Experian ,Equifax ,TransUnion ,Wealth-X,Altrata ,Knight Frank),Public data (LinkedIn, company filings)"
Financial Services,Wealth Management,Client Onboarding,Prospecting,"The early-stage process that identifies, qualifies, and moves potential clients into the formal onboarding pipeline.",Prospect allocation to advisor,"Assign qualified prospects to the best-suited advisor based on expertise, capacity, and territory.",Advisor profile,Number of existing clients,"Research Team, Advisory Teams,CRM teams","Internal CRM (existing customers, referrals),Core Banking System (CBS),Campaign data (marketing leads),Third-party databases (wealth lists, bureaus,Experian ,Equifax ,TransUnion ,Wealth-X,Altrata ,Knight Frank),Public data (LinkedIn, company filings)"
Financial Services,Wealth Management,Client Onboarding,Prospecting,"The early-stage process that identifies, qualifies, and moves potential clients into the formal onboarding pipeline.",Prospect allocation to advisor,"Assign qualified prospects to the best-suited advisor based on expertise, capacity, and territory.",Investment profile,Investment goals,"Research Team, Advisory Teams,CRM teams","Internal CRM (existing customers, referrals),Core Banking System (CBS),Campaign data (marketing leads),Third-party databases (wealth lists, bureaus,Experian ,Equifax ,TransUnion ,Wealth-X,Altrata ,Knight Frank),Public data (LinkedIn, company filings)"
Financial Services,Wealth Management,Client Onboarding,Prospecting,"The early-stage process that identifies, qualifies, and moves potential clients into the formal onboarding pipeline.",Prospect allocation to advisor,"Assign qualified prospects to the best-suited advisor based on expertise, capacity, and territory.",Investment profile,Investable assets,"Research Team, Advisory Teams,CRM teams","Internal CRM (existing customers, referrals),Core Banking System (CBS),Campaign data (marketing leads),Third-party databases (wealth lists, bureaus,Experian ,Equifax ,TransUnion ,Wealth-X,Altrata ,Knight Frank),Public data (LinkedIn, company filings)"
Financial Services,Wealth Management,Client Onboarding,Prospecting,"The early-stage process that identifies, qualifies, and moves potential clients into the formal onboarding pipeline.",Prospect allocation to advisor,"Assign qualified prospects to the best-suited advisor based on expertise, capacity, and territory.",Risk metrics,Risk level,"Research Team, Advisory Teams,CRM teams","Internal CRM (existing customers, referrals),Core Banking System (CBS),Campaign data (marketing leads),Third-party databases (wealth lists, bureaus,Experian ,Equifax ,TransUnion ,Wealth-X,Altrata ,Knight Frank),Public data (LinkedIn, company filings)"
Financial Services,Wealth Management,Client Onboarding,Advisor initial interaction,"Designated advisor builds rapport, confirms the client's objectives and constraints, gathers essential information for onboarding,",Prospect analysis by Advisor,Advisor analyses each prospect before client interaction,Manual,,,
Financial Services,Wealth Management,Client Onboarding,Advisor initial interaction,"Designated advisor builds rapport, confirms the client's objectives and constraints, gathers essential information for onboarding,",Summarise prospect based on social media or public data,Create a concise intelligence snapshot from public sources to personalise the meeting.,Social Profile,Job,"Research Team, Advisory Teams,CRM teams","Internal CRM (existing customers, referrals),Core Banking System (CBS),Campaign data (marketing leads),Third-party databases (wealth lists, bureaus,Experian ,Equifax ,TransUnion ,Wealth-X,Altrata ,Knight Frank),Public data (LinkedIn, company filings)"
Financial Services,Wealth Management,Client Onboarding,Advisor initial interaction,"Designated advisor builds rapport, confirms the client's objectives and constraints, gathers essential information for onboarding,",Summarise prospect based on social media or public data,Create a concise intelligence snapshot from public sources to personalise the meeting.,Social Profile,Company name,"Research Team, Advisory Teams,CRM teams","Internal CRM (existing customers, referrals),Core Banking System (CBS),Campaign data (marketing leads),Third-party databases (wealth lists, bureaus,Experian ,Equifax ,TransUnion ,Wealth-X,Altrata ,Knight Frank),Public data (LinkedIn, company filings)"
Financial Services,Wealth Management,Client Onboarding,Advisor initial interaction,"Designated advisor builds rapport, confirms the client's objectives and constraints, gathers essential information for onboarding,",Summarise prospect based on social media or public data,Create a concise intelligence snapshot from public sources to personalise the meeting.,Social Profile,Relocation or location,"Research Team, Advisory Teams,CRM teams","Internal CRM (existing customers, referrals),Core Banking System (CBS),Campaign data (marketing leads),Third-party databases (wealth lists, bureaus,Experian ,Equifax ,TransUnion ,Wealth-X,Altrata ,Knight Frank),Public data (LinkedIn, company filings)"
Financial Services,Wealth Management,Client Onboarding,Advisor initial interaction,"Designated advisor builds rapport, confirms the client's objectives and constraints, gathers essential information for onboarding,",Summarise prospect based on social media or public data,Create a concise intelligence snapshot from public sources to personalise the meeting.,Social Profile,Promotion,"Research Team, Advisory Teams,CRM teams","Internal CRM (existing customers, referrals),Core Banking System (CBS),Campaign data (marketing leads),Third-party databases (wealth lists, bureaus,Experian ,Equifax ,TransUnion ,Wealth-X,Altrata ,Knight Frank),Public data (LinkedIn, company filings)"
Financial Services,Wealth Management,Client Onboarding,Advisor initial interaction,"Designated advisor builds rapport, confirms the client's objectives and constraints, gathers essential information for onboarding,",Q&A Preparation,Draft targeted questions and expected answers to efficiently surface priorities and constraints during the call.,Financial basis,Financial Goals,"Research Team, Advisory Teams,CRM teams","Internal CRM (existing customers, referrals),Core Banking System (CBS),Campaign data (marketing leads),Third-party databases (wealth lists, bureaus,Experian ,Equifax ,TransUnion ,Wealth-X,Altrata ,Knight Frank),Public data (LinkedIn, company filings)"
Financial Services,Wealth Management,Client Onboarding,Advisor initial interaction,"Designated advisor builds rapport, confirms the client's objectives and constraints, gathers essential information for onboarding,",Q&A Preparation,Draft targeted questions and expected answers to efficiently surface priorities and constraints during the call.,Liquidity basis,cash not invested,"Research Team, Advisory Teams,CRM teams","Internal CRM (existing customers, referrals),Core Banking System (CBS),Campaign data (marketing leads),Third-party databases (wealth lists, bureaus,Experian ,Equifax ,TransUnion ,Wealth-X,Altrata ,Knight Frank),Public data (LinkedIn, company filings)"
Financial Services,Wealth Management,Client Onboarding,Advisor initial interaction,"Designated advisor builds rapport, confirms the client's objectives and constraints, gathers essential information for onboarding,",Q&A Preparation,Draft targeted questions and expected answers to efficiently surface priorities and constraints during the call.,Investment behavior,types of investments,"Research Team, Advisory Teams,CRM teams","Internal CRM (existing customers, referrals),Core Banking System (CBS),Campaign data (marketing leads),Third-party databases (wealth lists, bureaus,Experian ,Equifax ,TransUnion ,Wealth-X,Altrata ,Knight Frank),Public data (LinkedIn, company filings)"
Financial Services,Wealth Management,Client Onboarding,Advisor initial interaction,"Designated advisor builds rapport, confirms the client's objectives and constraints, gathers essential information for onboarding,",Q&A Preparation,Draft targeted questions and expected answers to efficiently surface priorities and constraints during the call.,Risk metrics,Risk tolerance,"Research Team, Advisory Teams,CRM teams","Internal CRM (existing customers, referrals),Core Banking System (CBS),Campaign data (marketing leads),Third-party databases (wealth lists, bureaus,Experian ,Equifax ,TransUnion ,Wealth-X,Altrata ,Knight Frank),Public data (LinkedIn, company filings)"
Financial Services,Wealth Management,Client Onboarding,Advisor initial interaction,"Designated advisor builds rapport, confirms the client's objectives and constraints, gathers essential information for onboarding,",Schedule  Meeting ,Agree and calendar a time?boxed advisor meeting with agenda,Time basis,calendar,"Research Team, Advisory Teams,CRM teams","Internal CRM (existing customers, referrals),Core Banking System (CBS),Campaign data (marketing leads),Third-party databases (wealth lists, bureaus,Experian ,Equifax ,TransUnion ,Wealth-X,Altrata ,Knight Frank),Public data (LinkedIn, company filings)"
Financial Services,Wealth Management,Client Onboarding,Advisor initial interaction,"Designated advisor builds rapport, confirms the client's objectives and constraints, gathers essential information for onboarding,",Real time assistance on the call or in meeting,"Provide live support (notes, prompts, or SME backup) to the advisor during the interaction.",Client snapshot,Risk tolerance,"Research Team, Advisory Teams,CRM teams","Internal CRM (existing customers, referrals),Core Banking System (CBS),Campaign data (marketing leads),Third-party databases (wealth lists, bureaus,Experian ,Equifax ,TransUnion ,Wealth-X,Altrata ,Knight Frank),Public data (LinkedIn, company filings)"
Financial Services,Wealth Management,Client Onboarding,Advisor initial interaction,"Designated advisor builds rapport, confirms the client's objectives and constraints, gathers essential information for onboarding,",Real time assistance on the call or in meeting,"Provide live support (notes, prompts, or SME backup) to the advisor during the interaction.",Client snapshot,Current investments,"Research Team, Advisory Teams,CRM teams","Internal CRM (existing customers, referrals),Core Banking System (CBS),Campaign data (marketing leads),Third-party databases (wealth lists, bureaus,Experian ,Equifax ,TransUnion ,Wealth-X,Altrata ,Knight Frank),Public data (LinkedIn, company filings)"
Financial Services,Wealth Management,Client Onboarding,Advisor initial interaction,"Designated advisor builds rapport, confirms the client's objectives and constraints, gathers essential information for onboarding,",Call transcript analysis and action items,"Review transcripts to extract decisions, action items, and CRM updates for follow-up.",Call summary,Decision taken,"Research Team, Advisory Teams,CRM teams","Internal CRM (existing customers, referrals),Core Banking System (CBS),Campaign data (marketing leads),Third-party databases (wealth lists, bureaus,Experian ,Equifax ,TransUnion ,Wealth-X,Altrata ,Knight Frank),Public data (LinkedIn, company filings)"
Financial Services,Wealth Management,Client Onboarding,Advisor initial interaction,"Designated advisor builds rapport, confirms the client's objectives and constraints, gathers essential information for onboarding,",Call transcript analysis and action items,"Review transcripts to extract decisions, action items, and CRM updates for follow-up.",Call summary,Action items,"Research Team, Advisory Teams,CRM teams","Internal CRM (existing customers, referrals),Core Banking System (CBS),Campaign data (marketing leads),Third-party databases (wealth lists, bureaus,Experian ,Equifax ,TransUnion ,Wealth-X,Altrata ,Knight Frank),Public data (LinkedIn, company filings)"
Financial Services,Wealth Management,Client Onboarding,Advisor initial interaction,"Designated advisor builds rapport, confirms the client's objectives and constraints, gathers essential information for onboarding,",Call transcript analysis and action items,"Review transcripts to extract decisions, action items, and CRM updates for follow-up.",Call summary,Timeline,"Research Team, Advisory Teams,CRM teams","Internal CRM (existing customers, referrals),Core Banking System (CBS),Campaign data (marketing leads),Third-party databases (wealth lists, bureaus,Experian ,Equifax ,TransUnion ,Wealth-X,Altrata ,Knight Frank),Public data (LinkedIn, company filings)"
Financial Services,Wealth Management,Client Onboarding,Advisor initial interaction,"Designated advisor builds rapport, confirms the client's objectives and constraints, gathers essential information for onboarding,",Client Communication,"Send clear, timely status updates and confirmations to keep the client informed and aligned.",Communication,Meeting summary,"Research Team, Advisory Teams,CRM teams","Internal CRM (existing customers, referrals),Core Banking System (CBS),Campaign data (marketing leads),Third-party databases (wealth lists, bureaus,Experian ,Equifax ,TransUnion ,Wealth-X,Altrata ,Knight Frank),Public data (LinkedIn, company filings)"
Financial Services,Wealth Management,Client Onboarding,Advisor initial interaction,"Designated advisor builds rapport, confirms the client's objectives and constraints, gathers essential information for onboarding,",Client Communication,"Send clear, timely status updates and confirmations to keep the client informed and aligned.",Communication,Investment plan,"Research Team, Advisory Teams,CRM teams","Internal CRM (existing customers, referrals),Core Banking System (CBS),Campaign data (marketing leads),Third-party databases (wealth lists, bureaus,Experian ,Equifax ,TransUnion ,Wealth-X,Altrata ,Knight Frank),Public data (LinkedIn, company filings)"
Financial Services,Wealth Management,Client Onboarding,KYC & Documentation,"Verifies client identity, legal status and risk profile, collects required documents",Checklist for KYC and  follow ups,"Issue a concise, prioritized KYC document list and track reminders until all items are received and verified.",KYC checklist,Identity proof,"Research Team, Advisory Teams,CRM teams","Internal CRM (existing customers, referrals),Core Banking System (CBS),Campaign data (marketing leads),Third-party databases (wealth lists, bureaus,Experian ,Equifax ,TransUnion ,Wealth-X,Altrata ,Knight Frank),Public data (LinkedIn, company filings)"
Financial Services,Wealth Management,Client Onboarding,KYC & Documentation,"Verifies client identity, legal status and risk profile, collects required documents",Checklist for KYC and  follow ups,"Issue a concise, prioritized KYC document list and track reminders until all items are received and verified.",KYC checklist,Address proof,"Research Team, Advisory Teams,CRM teams","Internal CRM (existing customers, referrals),Core Banking System (CBS),Campaign data (marketing leads),Third-party databases (wealth lists, bureaus,Experian ,Equifax ,TransUnion ,Wealth-X,Altrata ,Knight Frank),Public data (LinkedIn, company filings)"
Financial Services,Wealth Management,Client Onboarding,KYC & Documentation,"Verifies client identity, legal status and risk profile, collects required documents",Checklist for KYC and  follow ups,"Issue a concise, prioritized KYC document list and track reminders until all items are received and verified.",KYC checklist,DOB,"Research Team, Advisory Teams,CRM teams","Internal CRM (existing customers, referrals),Core Banking System (CBS),Campaign data (marketing leads),Third-party databases (wealth lists, bureaus,Experian ,Equifax ,TransUnion ,Wealth-X,Altrata ,Knight Frank),Public data (LinkedIn, company filings)"
Financial Services,Wealth Management,Client Onboarding,KYC & Documentation,"Verifies client identity, legal status and risk profile, collects required documents",Checklist for KYC and  follow ups,"Issue a concise, prioritized KYC document list and track reminders until all items are received and verified.",KYC checklist,Photograph,"Research Team, Advisory Teams,CRM teams","Internal CRM (existing customers, referrals),Core Banking System (CBS),Campaign data (marketing leads),Third-party databases (wealth lists, bureaus,Experian ,Equifax ,TransUnion ,Wealth-X,Altrata ,Knight Frank),Public data (LinkedIn, company filings)"
Financial Services,Wealth Management,Client Onboarding,KYC & Documentation,"Verifies client identity, legal status and risk profile, collects required documents","Fill the Demat,trading,nomination forms ","Guide completion and validation of Demat, trading, and nomination forms, then submit to operations for account activation.",Client details,Bank account number,"Research Team, Advisory Teams,CRM teams","Internal CRM (existing customers, referrals),Core Banking System (CBS),Campaign data (marketing leads),Third-party databases (wealth lists, bureaus,Experian ,Equifax ,TransUnion ,Wealth-X,Altrata ,Knight Frank),Public data (LinkedIn, company filings)"
Financial Services,Wealth Management,Client Onboarding,KYC & Documentation,"Verifies client identity, legal status and risk profile, collects required documents","Fill the Demat,trading,nomination forms ","Guide completion and validation of Demat, trading, and nomination forms, then submit to operations for account activation.",Client details,Contact number,"Research Team, Advisory Teams,CRM teams","Internal CRM (existing customers, referrals),Core Banking System (CBS),Campaign data (marketing leads),Third-party databases (wealth lists, bureaus,Experian ,Equifax ,TransUnion ,Wealth-X,Altrata ,Knight Frank),Public data (LinkedIn, company filings)"
Financial Services,Wealth Management,Client Onboarding,Client Advisory&Investment Planning,"Tanslates the client’s profile into a clear, documented investment plan that the client reviews and approves before implementation.",Risk Assessment Q&A,"Capture the client’s risk tolerance, return expectations, liquidity needs, and investment horizon through structured questions.",Risk metrics,Risk tolerance score,"Research Team, Advisory Teams,CRM teams","Internal CRM (existing customers, referrals),Core Banking System (CBS),Campaign data (marketing leads),Third-party databases (wealth lists, bureaus,Experian ,Equifax ,TransUnion ,Wealth-X,Altrata ,Knight Frank),Public data (LinkedIn, company filings)"
Financial Services,Wealth Management,Client Onboarding,Client Advisory&Investment Planning,"Tanslates the client’s profile into a clear, documented investment plan that the client reviews and approves before implementation.",Risk Assessment Q&A,"Capture the client’s risk tolerance, return expectations, liquidity needs, and investment horizon through structured questions.",Risk metrics,Maximum acceptable loss,"Research Team, Advisory Teams,CRM teams","Internal CRM (existing customers, referrals),Core Banking System (CBS),Campaign data (marketing leads),Third-party databases (wealth lists, bureaus,Experian ,Equifax ,TransUnion ,Wealth-X,Altrata ,Knight Frank),Public data (LinkedIn, company filings)"
Financial Services,Wealth Management,Client Onboarding,Client Advisory&Investment Planning,"Tanslates the client’s profile into a clear, documented investment plan that the client reviews and approves before implementation.",Risk Assessment Q&A,"Capture the client’s risk tolerance, return expectations, liquidity needs, and investment horizon through structured questions.",Risk metrics,Investment horizon,"Research Team, Advisory Teams,CRM teams","Internal CRM (existing customers, referrals),Core Banking System (CBS),Campaign data (marketing leads),Third-party databases (wealth lists, bureaus,Experian ,Equifax ,TransUnion ,Wealth-X,Altrata ,Knight Frank),Public data (LinkedIn, company filings)"
Financial Services,Wealth Management,Client Onboarding,Client Advisory&Investment Planning,"Tanslates the client’s profile into a clear, documented investment plan that the client reviews and approves before implementation.",Risk Assessment Q&A,"Capture the client’s risk tolerance, return expectations, liquidity needs, and investment horizon through structured questions.",Risk metrics,Income statbility,"Research Team, Advisory Teams,CRM teams","Internal CRM (existing customers, referrals),Core Banking System (CBS),Campaign data (marketing leads),Third-party databases (wealth lists, bureaus,Experian ,Equifax ,TransUnion ,Wealth-X,Altrata ,Knight Frank),Public data (LinkedIn, company filings)"
Financial Services,Wealth Management,Client Onboarding,Client Advisory&Investment Planning,"Tanslates the client’s profile into a clear, documented investment plan that the client reviews and approves before implementation.",Risk Assessment Q&A,"Capture the client’s risk tolerance, return expectations, liquidity needs, and investment horizon through structured questions.",Risk metrics,Liquidity need,"Research Team, Advisory Teams,CRM teams","Internal CRM (existing customers, referrals),Core Banking System (CBS),Campaign data (marketing leads),Third-party databases (wealth lists, bureaus,Experian ,Equifax ,TransUnion ,Wealth-X,Altrata ,Knight Frank),Public data (LinkedIn, company filings)"
Financial Services,Wealth Management,Client Onboarding,Client Advisory&Investment Planning,"Tanslates the client’s profile into a clear, documented investment plan that the client reviews and approves before implementation.",Investment Policy Statement (IPS) creation,"Prepare a formal document outlining the client’s objectives, allocation strategy, constraints, and investment guidelines.",Investment profile,Constraints,"Research Team, Advisory Teams,CRM teams","Internal CRM (existing customers, referrals),Core Banking System (CBS),Campaign data (marketing leads),Third-party databases (wealth lists, bureaus,Experian ,Equifax ,TransUnion ,Wealth-X,Altrata ,Knight Frank),Public data (LinkedIn, company filings)"
Financial Services,Wealth Management,Client Onboarding,Client Advisory&Investment Planning,"Tanslates the client’s profile into a clear, documented investment plan that the client reviews and approves before implementation.",Investment Policy Statement (IPS) creation,"Prepare a formal document outlining the client’s objectives, allocation strategy, constraints, and investment guidelines.",Investment profile,Risk tolerance,"Research Team, Advisory Teams,CRM teams","Internal CRM (existing customers, referrals),Core Banking System (CBS),Campaign data (marketing leads),Third-party databases (wealth lists, bureaus,Experian ,Equifax ,TransUnion ,Wealth-X,Altrata ,Knight Frank),Public data (LinkedIn, company filings)"
Financial Services,Wealth Management,Client Onboarding,Client Advisory&Investment Planning,"Tanslates the client’s profile into a clear, documented investment plan that the client reviews and approves before implementation.",Investment Policy Statement (IPS) creation,"Prepare a formal document outlining the client’s objectives, allocation strategy, constraints, and investment guidelines.",Investment profile,Time horizon,"Research Team, Advisory Teams,CRM teams","Internal CRM (existing customers, referrals),Core Banking System (CBS),Campaign data (marketing leads),Third-party databases (wealth lists, bureaus,Experian ,Equifax ,TransUnion ,Wealth-X,Altrata ,Knight Frank),Public data (LinkedIn, company filings)"
Financial Services,Wealth Management,Client Onboarding,Client Advisory&Investment Planning,"Tanslates the client’s profile into a clear, documented investment plan that the client reviews and approves before implementation.",Investment Policy Statement (IPS) creation,"Prepare a formal document outlining the client’s objectives, allocation strategy, constraints, and investment guidelines.",Investment profile,Liquidity need,"Research Team, Advisory Teams,CRM teams","Internal CRM (existing customers, referrals),Core Banking System (CBS),Campaign data (marketing leads),Third-party databases (wealth lists, bureaus,Experian ,Equifax ,TransUnion ,Wealth-X,Altrata ,Knight Frank),Public data (LinkedIn, company filings)"
Financial Services,Wealth Management,Client Onboarding,Client Advisory&Investment Planning,"Tanslates the client’s profile into a clear, documented investment plan that the client reviews and approves before implementation.",Investment Policy Statement (IPS) creation,"Prepare a formal document outlining the client’s objectives, allocation strategy, constraints, and investment guidelines.",Investment profile,Asset allocation,"Research Team, Advisory Teams,CRM teams","Internal CRM (existing customers, referrals),Core Banking System (CBS),Campaign data (marketing leads),Third-party databases (wealth lists, bureaus,Experian ,Equifax ,TransUnion ,Wealth-X,Altrata ,Knight Frank),Public data (LinkedIn, company filings)"
Financial Services,Wealth Management,Client Onboarding,Client Advisory&Investment Planning,"Tanslates the client’s profile into a clear, documented investment plan that the client reviews and approves before implementation.",Financial Planning Document creation,"Assesses current financial position, defines short- and long-term goals, and outlines budget, cash-flow, savings, investment, insurance, tax",Financial profile,Net worth,"Research Team, Advisory Teams,CRM teams","Internal CRM (existing customers, referrals),Core Banking System (CBS),Campaign data (marketing leads),Third-party databases (wealth lists, bureaus,Experian ,Equifax ,TransUnion ,Wealth-X,Altrata ,Knight Frank),Public data (LinkedIn, company filings)"
Financial Services,Wealth Management,Client Onboarding,Client Advisory&Investment Planning,"Tanslates the client’s profile into a clear, documented investment plan that the client reviews and approves before implementation.",Financial Planning Document creation,"Assesses current financial position, defines short- and long-term goals, and outlines budget, cash-flow, savings, investment, insurance, tax",Financial profile,Monthly incone&expense,"Research Team, Advisory Teams,CRM teams","Internal CRM (existing customers, referrals),Core Banking System (CBS),Campaign data (marketing leads),Third-party databases (wealth lists, bureaus,Experian ,Equifax ,TransUnion ,Wealth-X,Altrata ,Knight Frank),Public data (LinkedIn, company filings)"
Financial Services,Wealth Management,Client Onboarding,Client Advisory&Investment Planning,"Tanslates the client’s profile into a clear, documented investment plan that the client reviews and approves before implementation.",Financial Planning Document creation,"Assesses current financial position, defines short- and long-term goals, and outlines budget, cash-flow, savings, investment, insurance, tax",Financial profile,Financial Goals,"Research Team, Advisory Teams,CRM teams","Internal CRM (existing customers, referrals),Core Banking System (CBS),Campaign data (marketing leads),Third-party databases (wealth lists, bureaus,Experian ,Equifax ,TransUnion ,Wealth-X,Altrata ,Knight Frank),Public data (LinkedIn, company filings)"
Financial Services,Wealth Management,Client Onboarding,Client Advisory&Investment Planning,"Tanslates the client’s profile into a clear, documented investment plan that the client reviews and approves before implementation.",Financial Planning Document creation,"Assesses current financial position, defines short- and long-term goals, and outlines budget, cash-flow, savings, investment, insurance, tax",Financial profile,Existing Investment ,"Research Team, Advisory Teams,CRM teams","Internal CRM (existing customers, referrals),Core Banking System (CBS),Campaign data (marketing leads),Third-party databases (wealth lists, bureaus,Experian ,Equifax ,TransUnion ,Wealth-X,Altrata ,Knight Frank),Public data (LinkedIn, company filings)"
Financial Services,Wealth Management,Client Onboarding,Client Advisory&Investment Planning,"Tanslates the client’s profile into a clear, documented investment plan that the client reviews and approves before implementation.",Financial Planning Document creation,"Assesses current financial position, defines short- and long-term goals, and outlines budget, cash-flow, savings, investment, insurance, tax",Financial profile,Liabilities,"Research Team, Advisory Teams,CRM teams","Internal CRM (existing customers, referrals),Core Banking System (CBS),Campaign data (marketing leads),Third-party databases (wealth lists, bureaus,Experian ,Equifax ,TransUnion ,Wealth-X,Altrata ,Knight Frank),Public data (LinkedIn, company filings)"
Financial Services,Wealth Management,Client Onboarding,Client Advisory&Investment Planning,"Tanslates the client’s profile into a clear, documented investment plan that the client reviews and approves before implementation.",Advisory & recommendation document,"Present tailored investment recommendations with clear rationale, benefits, risks, and next-step actions.",Investment profile,Risk profile,"Research Team, Advisory Teams,CRM teams","Internal CRM (existing customers, referrals),Core Banking System (CBS),Campaign data (marketing leads),Third-party databases (wealth lists, bureaus,Experian ,Equifax ,TransUnion ,Wealth-X,Altrata ,Knight Frank),Public data (LinkedIn, company filings)"
Financial Services,Wealth Management,Client Onboarding,Client Advisory&Investment Planning,"Tanslates the client’s profile into a clear, documented investment plan that the client reviews and approves before implementation.",Advisory & recommendation document,"Present tailored investment recommendations with clear rationale, benefits, risks, and next-step actions.",Investment profile,financial goals,"Research Team, Advisory Teams,CRM teams","Internal CRM (existing customers, referrals),Core Banking System (CBS),Campaign data (marketing leads),Third-party databases (wealth lists, bureaus,Experian ,Equifax ,TransUnion ,Wealth-X,Altrata ,Knight Frank),Public data (LinkedIn, company filings)"
Financial Services,Wealth Management,Client Onboarding,Client Advisory&Investment Planning,"Tanslates the client’s profile into a clear, documented investment plan that the client reviews and approves before implementation.",Advisory & recommendation document,"Present tailored investment recommendations with clear rationale, benefits, risks, and next-step actions.",Investment profile,Current asset allocation,"Research Team, Advisory Teams,CRM teams","Internal CRM (existing customers, referrals),Core Banking System (CBS),Campaign data (marketing leads),Third-party databases (wealth lists, bureaus,Experian ,Equifax ,TransUnion ,Wealth-X,Altrata ,Knight Frank),Public data (LinkedIn, company filings)"
Financial Services,Wealth Management,Client Onboarding,Client Advisory&Investment Planning,"Tanslates the client’s profile into a clear, documented investment plan that the client reviews and approves before implementation.",Advisory & recommendation document,"Present tailored investment recommendations with clear rationale, benefits, risks, and next-step actions.",Investment profile,Investment amounts,"Research Team, Advisory Teams,CRM teams","Internal CRM (existing customers, referrals),Core Banking System (CBS),Campaign data (marketing leads),Third-party databases (wealth lists, bureaus,Experian ,Equifax ,TransUnion ,Wealth-X,Altrata ,Knight Frank),Public data (LinkedIn, company filings)"
Financial Services,Wealth Management,Client Onboarding,Client Advisory&Investment Planning,"Tanslates the client’s profile into a clear, documented investment plan that the client reviews and approves before implementation.",Advisory & recommendation document,"Present tailored investment recommendations with clear rationale, benefits, risks, and next-step actions.",Investment profile,Time horizon,"Research Team, Advisory Teams,CRM teams","Internal CRM (existing customers, referrals),Core Banking System (CBS),Campaign data (marketing leads),Third-party databases (wealth lists, bureaus,Experian ,Equifax ,TransUnion ,Wealth-X,Altrata ,Knight Frank),Public data (LinkedIn, company filings)"
Financial Services,Wealth Management,Client Onboarding,Client Advisory&Investment Planning,"Tanslates the client’s profile into a clear, documented investment plan that the client reviews and approves before implementation.",Suitability & compliance check,Validate that all recommendations are appropriate for the client profile and compliant with regulatory requirements.,Client data,Risk profile,"Research Team, Advisory Teams,CRM teams","Internal CRM (existing customers, referrals),Core Banking System (CBS),Campaign data (marketing leads),Third-party databases (wealth lists, bureaus,Experian ,Equifax ,TransUnion ,Wealth-X,Altrata ,Knight Frank),Public data (LinkedIn, company filings)"
Financial Services,Wealth Management,Client Onboarding,Client Advisory&Investment Planning,"Tanslates the client’s profile into a clear, documented investment plan that the client reviews and approves before implementation.",Suitability & compliance check,Validate that all recommendations are appropriate for the client profile and compliant with regulatory requirements.,Client data,Investment horizon,"Research Team, Advisory Teams,CRM teams","Internal CRM (existing customers, referrals),Core Banking System (CBS),Campaign data (marketing leads),Third-party databases (wealth lists, bureaus,Experian ,Equifax ,TransUnion ,Wealth-X,Altrata ,Knight Frank),Public data (LinkedIn, company filings)"
Financial Services,Wealth Management,Client Onboarding,Client Advisory&Investment Planning,"Tanslates the client’s profile into a clear, documented investment plan that the client reviews and approves before implementation.",Suitability & compliance check,Validate that all recommendations are appropriate for the client profile and compliant with regulatory requirements.,Client data,Client segment,"Research Team, Advisory Teams,CRM teams","Internal CRM (existing customers, referrals),Core Banking System (CBS),Campaign data (marketing leads),Third-party databases (wealth lists, bureaus,Experian ,Equifax ,TransUnion ,Wealth-X,Altrata ,Knight Frank),Public data (LinkedIn, company filings)"
Financial Services,Wealth Management,Client Onboarding,Client Advisory&Investment Planning,"Tanslates the client’s profile into a clear, documented investment plan that the client reviews and approves before implementation.",Suitability & compliance check,Validate that all recommendations are appropriate for the client profile and compliant with regulatory requirements.,Client data,KYC status,"Research Team, Advisory Teams,CRM teams","Internal CRM (existing customers, referrals),Core Banking System (CBS),Campaign data (marketing leads),Third-party databases (wealth lists, bureaus,Experian ,Equifax ,TransUnion ,Wealth-X,Altrata ,Knight Frank),Public data (LinkedIn, company filings)"
Financial Services,Wealth Management,Client Onboarding,Client Advisory&Investment Planning,"Tanslates the client’s profile into a clear, documented investment plan that the client reviews and approves before implementation.",Suitability & compliance check,Validate that all recommendations are appropriate for the client profile and compliant with regulatory requirements.,Client data,Investment limits,"Research Team, Advisory Teams,CRM teams","Internal CRM (existing customers, referrals),Core Banking System (CBS),Campaign data (marketing leads),Third-party databases (wealth lists, bureaus,Experian ,Equifax ,TransUnion ,Wealth-X,Altrata ,Knight Frank),Public data (LinkedIn, company filings)"
Financial Services,Wealth Management,Client Onboarding,Client Advisory&Investment Planning,"Tanslates the client’s profile into a clear, documented investment plan that the client reviews and approves before implementation.",Investment Proposal,"Submit a structured proposal summarizing the recommended portfolio, allocation, products, and implementation plan.",Recommendation data,Asset allocation,"Research Team, Advisory Teams,CRM teams","Internal CRM (existing customers, referrals),Core Banking System (CBS),Campaign data (marketing leads),Third-party databases (wealth lists, bureaus,Experian ,Equifax ,TransUnion ,Wealth-X,Altrata ,Knight Frank),Public data (LinkedIn, company filings)"
Financial Services,Wealth Management,Client Onboarding,Client Advisory&Investment Planning,"Tanslates the client’s profile into a clear, documented investment plan that the client reviews and approves before implementation.",Investment Proposal,"Submit a structured proposal summarizing the recommended portfolio, allocation, products, and implementation plan.",Recommendation data,Investment amounts,"Research Team, Advisory Teams,CRM teams","Internal CRM (existing customers, referrals),Core Banking System (CBS),Campaign data (marketing leads),Third-party databases (wealth lists, bureaus,Experian ,Equifax ,TransUnion ,Wealth-X,Altrata ,Knight Frank),Public data (LinkedIn, company filings)"
Financial Services,Wealth Management,Client Onboarding,Client Advisory&Investment Planning,"Tanslates the client’s profile into a clear, documented investment plan that the client reviews and approves before implementation.",Investment Proposal,"Submit a structured proposal summarizing the recommended portfolio, allocation, products, and implementation plan.",Recommendation data,expected return,"Research Team, Advisory Teams,CRM teams","Internal CRM (existing customers, referrals),Core Banking System (CBS),Campaign data (marketing leads),Third-party databases (wealth lists, bureaus,Experian ,Equifax ,TransUnion ,Wealth-X,Altrata ,Knight Frank),Public data (LinkedIn, company filings)"
Financial Services,Wealth Management,Client Onboarding,Client Advisory&Investment Planning,"Tanslates the client’s profile into a clear, documented investment plan that the client reviews and approves before implementation.",Investment Proposal,"Submit a structured proposal summarizing the recommended portfolio, allocation, products, and implementation plan.",Recommendation data,risk level,"Research Team, Advisory Teams,CRM teams","Internal CRM (existing customers, referrals),Core Banking System (CBS),Campaign data (marketing leads),Third-party databases (wealth lists, bureaus,Experian ,Equifax ,TransUnion ,Wealth-X,Altrata ,Knight Frank),Public data (LinkedIn, company filings)"
Financial Services,Wealth Management,Client Onboarding,Client Advisory&Investment Planning,"Tanslates the client’s profile into a clear, documented investment plan that the client reviews and approves before implementation.",Investment Proposal,"Submit a structured proposal summarizing the recommended portfolio, allocation, products, and implementation plan.",Recommendation data,selected products,"Research Team, Advisory Teams,CRM teams","Internal CRM (existing customers, referrals),Core Banking System (CBS),Campaign data (marketing leads),Third-party databases (wealth lists, bureaus,Experian ,Equifax ,TransUnion ,Wealth-X,Altrata ,Knight Frank),Public data (LinkedIn, company filings)"
